AGE_DESC,MARITAL_STATUS_CODE,INCOME_DESC,HOMEOWNER_DESC,HH_COMP_DESC,HOUSEHOLD_SIZE_DESC,KID_CATEGORY_DESC,household_key,phone_number
25-34,U,75-99K,Homeowner,2 Adults Kids,4,2,13,81210000000
35-44,B,15-24K,Homeowner,2 Adults Kids,5+,3+,43,81210000001
45-54,A,150-174K,Homeowner,2 Adults Kids,5+,3+,46,81210000002
45-54,B,50-74K,Homeowner,2 Adults No Kids,2,None/Unknown,52,81210000003
55-64,A,100-124K,Homeowner,2 Adults Kids,4,2,56,81210000004
25-34,A,150-174K,Homeowner,2 Adults Kids,4,2,58,81210000005
45-54,A,Under 15K,Homeowner,2 Adults Kids,5+,3+,67,81210000006
35-44,A,100-124K,Homeowner,2 Adults Kids,5+,3+,77,81210000007
45-54,A,Under 15K,Homeowner,2 Adults Kids,4,2,101,81210000008
35-44,A,35-49K,Homeowner,2 Adults Kids,5+,3+,104,81210000009
25-34,B,Under 15K,Homeowner,1 Adult Kids,3,2,105,81210000010
25-34,A,15-24K,Homeowner,Single Female,2,None/Unknown,109,81210000011
25-34,U,35-49K,Homeowner,Single Female,1,None/Unknown,110,81210000012
35-44,A,125-149K,Homeowner,2 Adults Kids,4,2,113,81210000013
35-44,B,50-74K,Homeowner,2 Adults Kids,3,1,155,81210000014
25-34,A,50-74K,Homeowner,2 Adults Kids,3,1,166,81210000015
25-34,A,100-124K,Homeowner,2 Adults Kids,4,2,170,81210000016
25-34,A,25-34K,Homeowner,1 Adult Kids,5+,3+,178,81210000017
45-54,A,35-49K,Homeowner,Single Male,2,None/Unknown,192,81210000018
35-44,A,Under 15K,Homeowner,2 Adults Kids,3,1,198,81210000019
45-54,A,15-24K,Homeowner,2 Adults Kids,5+,3+,201,81210000020
45-54,U,25-34K,Homeowner,2 Adults Kids,3,1,209,81210000021
35-44,A,250K+,Homeowner,2 Adults Kids,5+,3+,235,81210000022
45-54,A,75-99K,Homeowner,2 Adults Kids,5+,3+,242,81210000023
35-44,A,125-149K,Homeowner,2 Adults Kids,4,2,248,81210000024
35-44,A,Under 15K,Renter,Unknown,3,1,249,81210000025
45-54,A,75-99K,Homeowner,1 Adult Kids,4,2,250,81210000026
25-34,A,50-74K,Homeowner,2 Adults No Kids,2,None/Unknown,283,81210000027
25-34,A,50-74K,Homeowner,2 Adults Kids,4,2,294,81210000028
35-44,A,35-49K,Homeowner,2 Adults Kids,4,2,301,81210000029
45-54,U,35-49K,Homeowner,2 Adults Kids,3,1,302,81210000030
19-24,U,35-49K,Homeowner,2 Adults Kids,4,2,306,81210000031
25-34,A,75-99K,Homeowner,Single Male,2,None/Unknown,309,81210000032
45-54,U,75-99K,Homeowner,2 Adults Kids,3,1,314,81210000033
45-54,U,35-49K,Homeowner,1 Adult Kids,4,3+,319,81210000034
45-54,A,100-124K,Homeowner,2 Adults No Kids,2,None/Unknown,321,81210000035
35-44,A,75-99K,Homeowner,2 Adults Kids,4,2,325,81210000036
35-44,A,125-149K,Homeowner,2 Adults Kids,5+,3+,332,81210000037
65+,A,50-74K,Homeowner,2 Adults No Kids,2,None/Unknown,346,81210000038
45-54,A,50-74K,Homeowner,1 Adult Kids,4,2,350,81210000039
25-34,A,35-49K,Homeowner,2 Adults Kids,5+,3+,354,81210000040
35-44,A,75-99K,Homeowner,2 Adults Kids,3,1,371,81210000041
45-54,A,50-74K,Homeowner,2 Adults No Kids,2,None/Unknown,377,81210000042
25-34,B,35-49K,Homeowner,1 Adult Kids,2,1,381,81210000043
25-34,A,50-74K,Homeowner,2 Adults Kids,5+,3+,385,81210000044
35-44,A,250K+,Homeowner,2 Adults Kids,3,1,392,81210000045
35-44,A,150-174K,Homeowner,2 Adults Kids,3,1,400,81210000046
55-64,A,35-49K,Homeowner,2 Adults Kids,5+,3+,410,81210000047
35-44,A,15-24K,Homeowner,2 Adults Kids,3,1,434,81210000048
25-34,A,50-74K,Homeowner,2 Adults Kids,5+,3+,437,81210000049
45-54,A,25-34K,Homeowner,2 Adults No Kids,2,None/Unknown,443,81210000050
35-44,A,75-99K,Homeowner,2 Adults Kids,5+,3+,490,81210000051
45-54,U,50-74K,Homeowner,2 Adults No Kids,2,None/Unknown,492,81210000052
35-44,A,250K+,Homeowner,2 Adults Kids,3,1,510,81210000053
35-44,A,35-49K,Probable Owner,1 Adult Kids,3,1,543,81210000054
45-54,U,75-99K,Homeowner,2 Adults No Kids,2,None/Unknown,553,81210000055
35-44,A,250K+,Homeowner,2 Adults Kids,3,1,569,81210000056
35-44,A,75-99K,Homeowner,2 Adults Kids,3,1,574,81210000057
55-64,A,35-49K,Homeowner,Single Male,2,None/Unknown,576,81210000058
45-54,A,125-149K,Homeowner,Unknown,3,1,582,81210000059
19-24,A,35-49K,Renter,2 Adults Kids,3,1,586,81210000060
35-44,A,50-74K,Homeowner,2 Adults Kids,5+,3+,588,81210000061
45-54,A,15-24K,Homeowner,1 Adult Kids,3,1,596,81210000062
35-44,A,100-124K,Homeowner,2 Adults Kids,4,2,601,81210000063
25-34,A,75-99K,Homeowner,2 Adults Kids,4,2,605,81210000064
25-34,B,25-34K,Renter,1 Adult Kids,5+,3+,608,81210000065
45-54,A,35-49K,Homeowner,2 Adults Kids,3,1,623,81210000066
35-44,A,35-49K,Homeowner,2 Adults Kids,3,1,630,81210000067
65+,A,100-124K,Homeowner,2 Adults Kids,3,1,631,81210000068
35-44,A,50-74K,Renter,2 Adults Kids,4,2,647,81210000069
55-64,A,50-74K,Homeowner,Unknown,2,None/Unknown,660,81210000070
35-44,A,125-149K,Homeowner,2 Adults Kids,3,1,688,81210000071
45-54,A,50-74K,Homeowner,2 Adults No Kids,2,None/Unknown,699,81210000072
25-34,A,100-124K,Homeowner,2 Adults Kids,5+,3+,707,81210000073
35-44,A,100-124K,Homeowner,2 Adults Kids,4,2,708,81210000074
55-64,A,15-24K,Homeowner,2 Adults No Kids,2,None/Unknown,715,81210000075
45-54,A,75-99K,Homeowner,2 Adults Kids,5+,3+,716,81210000076
45-54,A,25-34K,Homeowner,2 Adults Kids,5+,3+,718,81210000077
55-64,A,75-99K,Homeowner,2 Adults Kids,4,2,732,81210000078
45-54,A,175-199K,Homeowner,Single Female,2,None/Unknown,740,81210000079
65+,U,50-74K,Homeowner,2 Adults Kids,3,1,741,81210000080
35-44,A,15-24K,Renter,1 Adult Kids,4,2,742,81210000081
45-54,B,Under 15K,Homeowner,2 Adults Kids,3,1,748,81210000082
45-54,A,75-99K,Homeowner,2 Adults Kids,4,2,753,81210000083
25-34,A,125-149K,Homeowner,1 Adult Kids,5+,3+,761,81210000084
35-44,A,50-74K,Homeowner,2 Adults Kids,5+,3+,764,81210000085
25-34,A,50-74K,Homeowner,2 Adults Kids,5+,3+,770,81210000086
65+,U,125-149K,Homeowner,2 Adults Kids,3,1,779,81210000087
35-44,A,75-99K,Homeowner,2 Adults No Kids,2,None/Unknown,806,81210000088
45-54,U,75-99K,Homeowner,2 Adults Kids,3,1,808,81210000089
35-44,A,150-174K,Homeowner,2 Adults Kids,3,1,817,81210000090
35-44,A,50-74K,Homeowner,2 Adults Kids,3,1,823,81210000091
45-54,B,50-74K,Homeowner,1 Adult Kids,3,2,831,81210000092
35-44,A,75-99K,Homeowner,2 Adults Kids,5+,3+,840,81210000093
65+,A,35-49K,Homeowner,1 Adult Kids,3,1,857,81210000094
35-44,A,75-99K,Homeowner,2 Adults Kids,5+,3+,865,81210000095
35-44,A,200-249K,Homeowner,2 Adults Kids,3,1,871,81210000096
35-44,A,35-49K,Homeowner,2 Adults No Kids,2,None/Unknown,883,81210000097
25-34,U,150-174K,Homeowner,2 Adults Kids,3,1,888,81210000098
25-34,A,50-74K,Homeowner,2 Adults Kids,4,2,889,81210000099
55-64,A,Under 15K,Homeowner,Single Female,2,None/Unknown,906,81210000100
45-54,A,100-124K,Probable Owner,2 Adults Kids,3,1,908,81210000101
45-54,A,35-49K,Homeowner,2 Adults Kids,5+,3+,920,81210000102
45-54,B,25-34K,Renter,1 Adult Kids,2,1,929,81210000103
35-44,A,125-149K,Homeowner,2 Adults Kids,5+,3+,960,81210000104
35-44,B,35-49K,Renter,1 Adult Kids,2,1,968,81210000105
25-34,A,35-49K,Homeowner,2 Adults Kids,3,1,971,81210000106
35-44,A,50-74K,Homeowner,2 Adults Kids,4,2,973,81210000107
25-34,A,200-249K,Homeowner,2 Adults Kids,5+,3+,976,81210000108
35-44,B,35-49K,Homeowner,1 Adult Kids,2,1,979,81210000109
45-54,A,35-49K,Homeowner,2 Adults Kids,3,1,983,81210000110
45-54,A,35-49K,Homeowner,2 Adults Kids,3,1,992,81210000111
55-64,A,50-74K,Homeowner,1 Adult Kids,5+,3+,993,81210000112
45-54,A,35-49K,Homeowner,2 Adults Kids,5+,3+,1018,81210000113
35-44,A,50-74K,Homeowner,2 Adults Kids,5+,3+,1021,81210000114
25-34,A,Under 15K,Homeowner,2 Adults Kids,4,2,1024,81210000115
55-64,U,Under 15K,Probable Renter,Single Male,1,None/Unknown,1038,81210000116
25-34,A,Under 15K,Homeowner,Single Male,2,None/Unknown,1045,81210000117
45-54,A,35-49K,Homeowner,2 Adults Kids,4,2,1074,81210000118
45-54,A,75-99K,Homeowner,2 Adults Kids,5+,3+,1094,81210000119
35-44,A,50-74K,Homeowner,2 Adults Kids,3,1,1103,81210000120
45-54,A,50-74K,Homeowner,2 Adults Kids,3,1,1113,81210000121
35-44,B,Under 15K,Renter,2 Adults Kids,4,2,1120,81210000122
55-64,U,25-34K,Renter,2 Adults Kids,3,1,1130,81210000123
45-54,B,50-74K,Homeowner,2 Adults Kids,3,1,1131,81210000124
45-54,A,50-74K,Homeowner,2 Adults No Kids,2,None/Unknown,1142,81210000125
35-44,B,35-49K,Homeowner,1 Adult Kids,4,3+,1146,81210000126
45-54,A,125-149K,Homeowner,2 Adults Kids,3,1,1166,81210000127
35-44,U,50-74K,Homeowner,2 Adults Kids,4,2,1167,81210000128
19-24,A,15-24K,Homeowner,2 Adults No Kids,2,None/Unknown,1169,81210000129
45-54,A,50-74K,Homeowner,1 Adult Kids,5+,3+,1186,81210000130
45-54,U,35-49K,Renter,Unknown,1,None/Unknown,1188,81210000131
45-54,A,35-49K,Homeowner,2 Adults Kids,4,2,1218,81210000132
19-24,A,15-24K,Homeowner,2 Adults Kids,3,1,1219,81210000133
25-34,B,35-49K,Homeowner,1 Adult Kids,3,2,1226,81210000134
45-54,B,35-49K,Homeowner,2 Adults No Kids,2,None/Unknown,1234,81210000135
45-54,U,50-74K,Homeowner,2 Adults Kids,3,1,1257,81210000136
35-44,U,Under 15K,Homeowner,2 Adults Kids,4,2,1268,81210000137
25-34,B,25-34K,Renter,1 Adult Kids,3,2,1285,81210000138
35-44,U,15-24K,Renter,2 Adults Kids,4,2,1299,81210000139
45-54,A,50-74K,Homeowner,2 Adults Kids,4,2,1300,81210000140
19-24,B,Under 15K,Renter,1 Adult Kids,2,1,1305,81210000141
45-54,U,125-149K,Homeowner,2 Adults Kids,4,2,1333,81210000142
45-54,U,50-74K,Homeowner,2 Adults Kids,4,2,1337,81210000143
65+,B,15-24K,Homeowner,2 Adults No Kids,2,None/Unknown,1354,81210000144
55-64,A,25-34K,Homeowner,2 Adults No Kids,2,None/Unknown,1357,81210000145
65+,B,100-124K,Homeowner,Single Female,1,None/Unknown,1364,81210000146
35-44,U,75-99K,Homeowner,2 Adults Kids,3,1,1367,81210000147
65+,U,25-34K,Homeowner,2 Adults No Kids,2,None/Unknown,1370,81210000148
45-54,A,50-74K,Homeowner,2 Adults Kids,3,1,1412,81210000149
25-34,A,35-49K,Homeowner,2 Adults Kids,3,1,1418,81210000150
35-44,A,35-49K,Homeowner,2 Adults Kids,3,1,1430,81210000151
25-34,A,15-24K,Homeowner,1 Adult Kids,3,1,1437,81210000152
45-54,A,125-149K,Homeowner,1 Adult Kids,5+,3+,1451,81210000153
45-54,A,125-149K,Homeowner,2 Adults Kids,3,1,1453,81210000154
25-34,A,50-74K,Renter,2 Adults No Kids,2,None/Unknown,1462,81210000155
35-44,A,50-74K,Probable Owner,2 Adults Kids,4,2,1467,81210000156
65+,A,15-24K,Homeowner,2 Adults No Kids,2,None/Unknown,1492,81210000157
45-54,A,50-74K,Homeowner,2 Adults Kids,4,2,1517,81210000158
25-34,A,75-99K,Renter,2 Adults Kids,3,1,1534,81210000159
19-24,A,35-49K,Renter,2 Adults Kids,3,1,1537,81210000160
25-34,A,100-124K,Renter,1 Adult Kids,4,2,1557,81210000161
45-54,A,75-99K,Homeowner,Unknown,3,1,1563,81210000162
45-54,A,125-149K,Homeowner,2 Adults Kids,5+,3+,1609,81210000163
19-24,B,Under 15K,Renter,1 Adult Kids,4,3+,1631,81210000164
25-34,A,35-49K,Homeowner,2 Adults Kids,5+,3+,1634,81210000165
45-54,A,75-99K,Homeowner,2 Adults Kids,3,1,1650,81210000166
35-44,U,150-174K,Homeowner,2 Adults No Kids,2,None/Unknown,1662,81210000167
25-34,A,15-24K,Homeowner,2 Adults Kids,3,1,1680,81210000168
25-34,A,35-49K,Homeowner,2 Adults Kids,3,1,1693,81210000169
45-54,A,50-74K,Homeowner,2 Adults Kids,3,1,1696,81210000170
55-64,U,75-99K,Homeowner,Single Female,1,None/Unknown,1726,81210000171
25-34,A,15-24K,Renter,2 Adults Kids,4,2,1751,81210000172
45-54,U,35-49K,Homeowner,Unknown,1,None/Unknown,1753,81210000173
45-54,A,125-149K,Homeowner,2 Adults Kids,5+,3+,1762,81210000174
45-54,A,75-99K,Homeowner,2 Adults Kids,4,2,1764,81210000175
45-54,A,75-99K,Homeowner,2 Adults Kids,5+,3+,1775,81210000176
25-34,A,35-49K,Homeowner,2 Adults Kids,5+,3+,1785,81210000177
19-24,A,50-74K,Homeowner,2 Adults Kids,3,1,1803,81210000178
65+,A,35-49K,Homeowner,2 Adults No Kids,2,None/Unknown,1804,81210000179
19-24,B,Under 15K,Renter,2 Adults Kids,5+,3+,1816,81210000180
55-64,U,75-99K,Homeowner,Single Male,1,None/Unknown,1831,81210000181
25-34,U,25-34K,Homeowner,1 Adult Kids,5+,3+,1833,81210000182
45-54,U,125-149K,Homeowner,Unknown,5+,3+,1834,81210000183
45-54,A,75-99K,Homeowner,Unknown,3,1,1848,81210000184
25-34,U,15-24K,Homeowner,2 Adults Kids,4,2,1861,81210000185
45-54,U,125-149K,Homeowner,1 Adult Kids,5+,3+,1864,81210000186
19-24,A,35-49K,Renter,2 Adults No Kids,2,None/Unknown,1869,81210000187
35-44,A,35-49K,Homeowner,2 Adults Kids,3,1,1892,81210000188
35-44,A,100-124K,Homeowner,2 Adults No Kids,2,None/Unknown,1894,81210000189
25-34,A,25-34K,Homeowner,2 Adults Kids,3,1,1899,81210000190
45-54,U,35-49K,Homeowner,2 Adults Kids,3,1,1901,81210000191
35-44,A,35-49K,Homeowner,1 Adult Kids,5+,3+,1919,81210000192
25-34,U,35-49K,Homeowner,2 Adults No Kids,2,None/Unknown,1926,81210000193
35-44,B,75-99K,Homeowner,2 Adults Kids,3,1,1928,81210000194
55-64,A,150-174K,Homeowner,2 Adults No Kids,2,None/Unknown,1935,81210000195
25-34,U,125-149K,Homeowner,2 Adults Kids,4,2,1944,81210000196
35-44,U,50-74K,Homeowner,Single Female,1,None/Unknown,1948,81210000197
25-34,A,50-74K,Homeowner,2 Adults Kids,3,1,1965,81210000198
25-34,A,50-74K,Homeowner,2 Adults Kids,5+,3+,1976,81210000199
35-44,A,125-149K,Homeowner,2 Adults Kids,5+,3+,1990,81210000200
45-54,A,50-74K,Homeowner,2 Adults Kids,3,1,2007,81210000201
45-54,U,35-49K,Homeowner,2 Adults Kids,3,1,2023,81210000202
35-44,A,25-34K,Homeowner,2 Adults Kids,5+,3+,2050,81210000203
55-64,A,75-99K,Homeowner,2 Adults No Kids,2,None/Unknown,2063,81210000204
25-34,A,100-124K,Homeowner,2 Adults Kids,3,1,2076,81210000205
45-54,A,Under 15K,Homeowner,2 Adults Kids,3,1,2082,81210000206
35-44,A,Under 15K,Homeowner,1 Adult Kids,3,1,2092,81210000207
35-44,A,15-24K,Homeowner,2 Adults Kids,5+,3+,2097,81210000208
35-44,A,75-99K,Homeowner,2 Adults Kids,5+,3+,2107,81210000209
45-54,A,35-49K,Homeowner,2 Adults Kids,5+,3+,2112,81210000210
35-44,A,150-174K,Homeowner,2 Adults Kids,5+,3+,2115,81210000211
35-44,A,75-99K,Homeowner,2 Adults Kids,5+,3+,2116,81210000212
45-54,U,75-99K,Homeowner,2 Adults No Kids,2,None/Unknown,2123,81210000213
25-34,A,50-74K,Homeowner,2 Adults Kids,4,2,2124,81210000214
65+,A,15-24K,Homeowner,2 Adults No Kids,2,None/Unknown,2140,81210000215
25-34,A,75-99K,Homeowner,2 Adults Kids,3,1,2147,81210000216
55-64,A,35-49K,Homeowner,2 Adults Kids,4,2,2148,81210000217
25-34,A,100-124K,Homeowner,2 Adults No Kids,2,None/Unknown,2172,81210000218
45-54,A,35-49K,Homeowner,2 Adults Kids,3,1,2179,81210000219
55-64,A,100-124K,Homeowner,2 Adults Kids,3,1,2181,81210000220
65+,A,25-34K,Homeowner,2 Adults No Kids,2,None/Unknown,2183,81210000221
25-34,U,125-149K,Homeowner,2 Adults Kids,4,2,2185,81210000222
35-44,A,50-74K,Homeowner,2 Adults Kids,4,2,2190,81210000223
45-54,A,50-74K,Homeowner,2 Adults No Kids,2,None/Unknown,2203,81210000224
25-34,A,35-49K,Renter,2 Adults Kids,5+,3+,2209,81210000225
45-54,U,175-199K,Homeowner,2 Adults Kids,3,1,2235,81210000226
45-54,A,50-74K,Homeowner,2 Adults Kids,4,2,2252,81210000227
45-54,A,250K+,Homeowner,2 Adults No Kids,2,None/Unknown,2264,81210000228
55-64,A,35-49K,Homeowner,2 Adults No Kids,2,None/Unknown,2269,81210000229
35-44,U,15-24K,Homeowner,2 Adults Kids,3,1,2280,81210000230
45-54,A,35-49K,Renter,2 Adults Kids,5+,3+,2292,81210000231
45-54,B,25-34K,Renter,2 Adults Kids,4,2,2294,81210000232
35-44,A,35-49K,Homeowner,1 Adult Kids,3,1,2302,81210000233
45-54,A,75-99K,Homeowner,2 Adults Kids,3,1,2307,81210000234
35-44,A,50-74K,Homeowner,2 Adults Kids,5+,3+,2317,81210000235
45-54,U,250K+,Homeowner,2 Adults No Kids,2,None/Unknown,2328,81210000236
35-44,A,35-49K,Homeowner,2 Adults Kids,5+,3+,2331,81210000237
65+,U,Under 15K,Homeowner,1 Adult Kids,3,2,2337,81210000238
45-54,A,75-99K,Homeowner,2 Adults No Kids,2,None/Unknown,2351,81210000239
35-44,A,25-34K,Homeowner,2 Adults Kids,3,1,2400,81210000240
25-34,A,125-149K,Homeowner,2 Adults Kids,3,1,2406,81210000241
45-54,A,100-124K,Homeowner,2 Adults No Kids,2,None/Unknown,2407,81210000242
45-54,A,150-174K,Homeowner,2 Adults Kids,5+,3+,2421,81210000243
35-44,A,50-74K,Homeowner,2 Adults Kids,3,1,2427,81210000244
45-54,U,50-74K,Homeowner,1 Adult Kids,5+,3+,2435,81210000245
35-44,A,125-149K,Homeowner,2 Adults Kids,5+,3+,2437,81210000246
35-44,A,175-199K,Homeowner,2 Adults Kids,5+,3+,2449,81210000247
65+,A,15-24K,Homeowner,Single Female,2,None/Unknown,2465,81210000248
35-44,A,75-99K,Homeowner,2 Adults Kids,3,1,2467,81210000249
35-44,A,50-74K,Homeowner,2 Adults No Kids,2,None/Unknown,2489,81210000250
45-54,A,75-99K,Homeowner,Unknown,3,1,2496,81210000251
25-34,U,50-74K,Homeowner,2 Adults No Kids,2,None/Unknown,2498,81210000252
